bill_inv,invoice,_category,status
PENDING,Pending,Other,Pending Other
PENDING,Pending,Other,Pending Other
PENDING,pending,Other,Pending Other
PENDING,pending,Other,Pending Other
PENDING,PENDING,Other,Pending Other
PENDING,PENDING,Other,Pending Other
PENDING,PENDING,Other,Pending Other
PENDING,PENDING,Other,Pending Other
PENDING,PENDING,Other,Pending Other
PENDING,PENDING,Other,Pending Other
PENDING,PENDING,Other,Pending Other
PENDING,PENDING,Other,Pending Other
PENDING,PENDING,Other,Pending Other
PENDING,PENDING,Other,Pending Other
PENDING,PENDING,Other,Pending Other
PENDING,PENDING,Other,Pending Other
PENDING,PENDING,Other,Pending Other
PENDING,PENDING,Other,Pending Other
PENDING,PENDING,Other,Pending Other
PENDING,PENDING,Other,Pending Other
PENDING,PENDING,Other,Pending Other
PENDING,PENDING,Other,Pending Other
PENDING,PENDING,Other,Pending Other
PENDING,PENDING,Other,Pending Other
PENDING,PENDING,Other,Pending Other
PENDING,PENDING,Other,Pending Other
PENDING,PENDING,Other,Pending Other
PENDING,PENDING,Other,Pending Other
PENDING,PENDING,Other,Pending Other
PENDING,pending,Other,Pending Other
PENDING,PENDING,Other,Pending Other
PENDING,pending,Other,Pending Other
PENDING,PENDING,Other,Pending Other
PENDING,PENDING,Other,Pending Other
PENDING,PENDING,Other,Pending Other
PENDING,PENDING,Other,Pending Other
PENDING,PENDING,Other,Pending Other
PENDING,PENDING,Other,Pending Other
PENDING,PENDING,Other,Pending Other
PENDING,PENDING,Other,Pending Other
PENDING,PENDING,Other,Pending Other
PENDING,PENDING,Other,Pending Other
PENDING,PENDING,Other,Pending Other
PENDING,PENDING,Other,Pending Other
PENDING,PENDING,Other,Pending Other
PENDING,PENDING,Other,Pending Other
PENDING,PENDING,Other,Pending Other
PENDING,PENDING,Other,Pending Other
PENDING,PENDING,Other,Pending Other
PENDING,PENDING,Other,Pending Other
PENDING,PENDING,Other,Pending Other
PENDING,PENDING,Other,Pending Other
PENDING,PENDING,Other,Pending Other
PENDING,PENDING,Other,Pending Other
PENDING,PENDING,Other,Pending Other
PENDING,PENDING,Other,Pending Other
PENDING,PENDING,Other,Pending Other
PENDING,PENDING,Other,Pending Other
PENDING,PENDING,Other,Pending Other
PENDING,PENDING,Other,Pending Other
PENDING,PENDING,Other,Pending Other
PENDING,PENDING,Other,Pending Other
PENDING,PENDING,Other,Pending Other
PENDING,PENDING,Other,Pending Other
PENDING,pending,Other,Pending Other
PENDING,PENDING,Other,Pending Other
PENDING,PENDING,Other,Pending Other
PENDING,PENDING,Other,Pending Other
PENDING,PENDING,Other,Pending Other
PENDING,PENDING,Other,Pending Other
PENDING,PENDING,Other,Pending Other
PENDING,PENDING,Other,Pending Other
PENDING,PENDING,Other,Pending Other
PENDING,PENDING,Other,Pending Other
PENDING,PENDING,Other,Pending Other
PENDING,PENDING,Other,Pending Other
PENDING,PENDING,Other,Pending Other
PENDING,PENDING,Other,Pending Other
PENDING,PENDING,Other,Pending Other
PENDING,PENDING,Other,Pending Other
PENDING,PENDING,Other,Pending Other
PENDING,PENDING,Other,Pending Other
PENDING,PENDING,Other,Pending Other
PENDING,PENDING,Other,Pending Other
PENDING,PENDING,Other,Pending Other
PENDING,PENDING,Other,Pending Other
PENDING,PENDING,Other,Pending Other
PENDING,PENDING,Other,Pending Other
PENDING,PENDING,Other,Pending Other
PENDING,pending,Other,Pending Other
PENDING,PENDING,Other,Pending Other
PENDING,PENDING,Other,Pending Other
PENDING,PENDING,Drayage,Pending Drayage
PENDING,PENDING,Drayage,Pending Drayage
PENDING,PENDING,Drayage,Pending Drayage
PENDING,PENDING,Drayage,Pending Drayage
PENDING,PENDING,Drayage,Pending Drayage
PENDING,PENDING,Drayage,Pending Drayage
PENDING,PENDING,Drayage,Pending Drayage
PENDING,PENDING,Drayage,Pending Drayage
